From,To
Festividades,Procesión del Silencio
Festividades,Fiestas de la Cruz
Festividades,Fiestas de la Cruz
Festividades,Día de Muertos
Festividades,Fiestas de la Cruz
Festividades,Fiestas de la Cruz
Festividades,Fiestas de la Cruz
Festividades,Día de Muertos
Festividades,Fiestas de la Cruz
Festividades,Fiestas de la Cruz
Festividades,Fiestas de la Cruz
Festividades,Fiestas de la Cruz
Festividades,Fiestas de la Cruz
Festividades,Fiestas de la Cruz
Festividades,Fiestas de la Cruz
Festividades,Fiestas de la Cruz
Festividades,Festival del Cacao
Festividades,Fiestas de la Cruz
Festividades,Fiestas de la Cruz
Festividades,Fiestas de la Cruz
Festividades,Fiestas de la Cruz
Festividades,Comunidades Extranjeras
Festividades,Fiestas de la Cruz
Festividades,Visita altares 
Festividades,Día de la Independencia
Festividades,Fiestas de la Cruz
Festividades,Fiestas de la Cruz
Festividades,Cabalgata Queretana
Festividades,Actividades Decembrinas
Festividades,Noches de Leyendas
Festividades,Día de Muertos
Festividades,Cabalgata Queretana
Festividades,Actividades Decembrinas
Festividades,Actividades Decembrinas
Festividades,Visita altares 
Festividades,Día de San Felipe Neri
Festividades,Fiestas de la Cruz
Festividades,Danzas en Jardín Zenea
Festividades,Actividades Decembrinas
Festividades,Danzas en Jardín Zenea
Festividades,Noches de Leyendas
Festividades,Carrera Anual de Querétaro
Festividades,Día de La Independencia
Gastronomía,Gorditas
Gastronomía,Enchiladas Queretanas
Gastronomía,Sopes
Gastronomía,Enchiladas Queretanas
Gastronomía,Enchiladas Queretanas
Gastronomía,Enchiladas Queretanas
Gastronomía,Enchiladas Queretanas
Gastronomía,Gorditas
Gastronomía,Pozole
Gastronomía,Enchiladas Queretanas
Gastronomía,Enchiladas Queretanas
Gastronomía,Guajolotes 
Gastronomía,Gorditas
Gastronomía,Enchiladas Queretanas
Gastronomía,Gorditas
Gastronomía,Gorditas
Gastronomía,Guajolotes 
Gastronomía,Enchiladas Queretanas
Gastronomía,Enchiladas Queretanas
Gastronomía,Gorditas
Gastronomía,Guajolotes
Gastronomía,Gorditas
Gastronomía,Gorditas
Gastronomía,Gorditas
Gastronomía,Gorditas
Gastronomía,Gorditas
Gastronomía,Enchiladas Queretanas
Gastronomía,Enchiladas Queretanas
Gastronomía,Gorditas
Gorditas,Centro Histórico de Querétaro
Enchiladas Queretanas,Centro Histórico de Querétaro
Sopes,Centro Histórico de Querétaro
Enchiladas Queretanas,Centro Histórico de Querétaro
Enchiladas Queretanas,Centro Histórico de Querétaro
Enchiladas Queretanas,Mercado de La Cruz
Enchiladas Queretanas,Mercado de La Cruz
Gorditas,Centro Histórico de Querétaro
Pozole,Mercado de La Cruz
Enchiladas Queretanas,Mercado de La Cruz
Enchiladas Queretanas,Centro Histórico de Querétaro
Guajolotes ,Centro Histórico de Querétaro
Gorditas,Mercado de La Cruz
Enchiladas Queretanas,Mercado de La Cruz
Gorditas,Centro Histórico de Querétaro
Gorditas,Centro Histórico de Querétaro
Guajolotes ,Centro Histórico de Querétaro
Enchiladas Queretanas,Centro Histórico de Querétaro
Enchiladas Queretanas,Centro Histórico de Querétaro
Gorditas,Centro Histórico de Querétaro
Guajolotes ,La Mariposa
Gorditas,Barbacoa Don Lole
Gorditas,Mercado de La Cruz
Gorditas,Mercado de La Sierra
Gorditas,Centro Histórico de Querétaro
Gorditas,Cervecería Hércules
Enchiladas Queretanas,Centro Histórico de Querétaro
Enchiladas Queretanas,Centro Histórico de Querétaro
Gorditas,Centro Histórico de Querétaro
Artesanías,Vasijas de Barro
Artesanías,Muñeca Lele
Artesanías,Muñeca Lele
Artesanías,Muñeca Lele
Artesanías,Muñeca Lele
Artesanías,Muñeca Lele
Artesanías,Muñeca Lele
Artesanías,Muñeca Lele
Artesanías,Muñeca Lele
Artesanías,Muñeca Lele
Artesanías,Muñeca Lele
Artesanías,Muñeca Lele
Artesanías,Muñeca Lele
Artesanías,Muñeca Lele
Artesanías,Muñeca Lele
Artesanías,Muñeca Lele
Artesanías,Muñeca Lele
Artesanías,Muñeca Lele
Artesanías,Muñeca Lele
Artesanías,Muñeca Lele
Artesanías,Muñeca Lele
Artesanías,Muñeca Lele
Artesanías,Muñeca Lele
Artesanías,Muñeca Lele
Artesanías,Muñeca Lele
Artesanías,Muñeca Lele
Vasijas de Barro,Centro Histórico de Querétaro
Muñeca Lele,Centro Histórico de Querétaro
Muñeca Lele,Centro Histórico de Querétaro
Muñeca Lele,Centro Histórico de Querétaro
Muñeca Lele,Centro Histórico de Querétaro
Muñeca Lele,Centro Histórico de Querétaro
Muñeca Lele,Centro Histórico de Querétaro
Muñeca Lele,Centro Histórico de Querétaro
Muñeca Lele,Centro Histórico de Querétaro
Muñeca Lele,Centro Histórico de Querétaro
Muñeca Lele,Centro Histórico de Querétaro
Muñeca Lele,Centro Histórico de Querétaro
Muñeca Lele,Centro Histórico de Querétaro
Muñeca Lele,Centro Histórico de Querétaro
Muñeca Lele,Centro Histórico de Querétaro
Muñeca Lele,Centro Histórico de Querétaro
Muñeca Lele,Centro Histórico de Querétaro
Muñeca Lele,Centro Histórico de Querétaro
Muñeca Lele,Centro Histórico de Querétaro
Muñeca Lele,Centro Histórico de Querétaro
Muñeca Lele,Centro Histórico de Querétaro
Muñeca Lele,Centro Histórico de Querétaro
Muñeca Lele,Centro Histórico de Querétaro
Muñeca Lele,Centro Histórico de Querétaro
Muñeca Lele,Centro Histórico de Querétaro
Muñeca Lele,Centro Histórico de Querétaro
Mitos o leyendas,La Carambada
Mitos o leyendas,La Mijangos
Mitos o leyendas,La Casa de la Zacatecana
Mitos o leyendas,La Casa de la Zacatecana
Mitos o leyendas,La Casa de la Zacatecana
Mitos o leyendas,La Casa de la Zacatecana
Mitos o leyendas,La Casa de la Zacatecana
Mitos o leyendas,El Marqués de la Villa del Villar del Águila
Mitos o leyendas,La Casa de la Zacatecana
Mitos o leyendas,El Marqués de la Villa del Villar del Águila
Mitos o leyendas,La casa de Don Bartolo
Mitos o leyendas,La casa de Don Bartolo
Mitos o leyendas,La casa de Don Bartolo
Mitos o leyendas,La Casa de la Zacatecana
Mitos o leyendas,La Casa de la Zacatecana
Mitos o leyendas,La Casa de la Zacatecana
Mitos o leyendas,La Casa de la Zacatecana
Mitos o leyendas,La Mijangos
Mitos o leyendas,La Mijangos
La Carambada,Centro Histórico de Querétaro
La Mijangos,Jardines de la Hacienda
La Casa de la Zacatecana,Centro Histórico de Querétaro
La Casa de la Zacatecana,Centro Histórico de Querétaro
La Casa de la Zacatecana,Centro Histórico de Querétaro
La Casa de la Zacatecana,Centro Histórico de Querétaro
La Casa de la Zacatecana,Centro Histórico de Querétaro
El Marqués de la Villa del Villar del Águila,Bernardo Quintana
La Casa de la Zacatecana,Centro Histórico de Querétaro
El Marqués de la Villa del Villar del Águila,Bernardo Quintana
La casa de Don Bartolo,Centro Histórico de Querétaro
La casa de Don Bartolo,Centro Histórico de Querétaro
La casa de Don Bartolo,Centro Histórico de Querétaro
La Casa de la Zacatecana,Centro Histórico de Querétaro
La Casa de la Zacatecana,Centro Histórico de Querétaro
La Casa de la Zacatecana,Centro Histórico de Querétaro
La Casa de la Zacatecana,Centro Histórico de Querétaro
La Mijangos,Jardines de la Hacienda
La Mijangos,Jardines de la Hacienda
Procesión del Silencio,Centro Histórico de Querétaro
Fiestas de la Cruz,Centro Histórico de Querétaro
Fiestas de la Cruz,Centro Histórico de Querétaro
Día de Muertos,Centro Histórico de Querétaro
Fiestas de la Cruz,Centro Histórico de Querétaro
Fiestas de la Cruz,Centro Histórico de Querétaro
Fiestas de la Cruz,Centro Histórico de Querétaro
Día de Muertos,Centro Histórico de Querétaro
Fiestas de la Cruz,Centro Histórico de Querétaro
Fiestas de la Cruz,Centro Histórico de Querétaro
Fiestas de la Cruz,Centro Histórico de Querétaro
Fiestas de la Cruz,Centro Histórico de Querétaro
Fiestas de la Cruz,Centro Histórico de Querétaro
Fiestas de la Cruz,Centro Histórico de Querétaro
Fiestas de la Cruz,Centro Histórico de Querétaro
Fiestas de la Cruz,Centro Histórico de Querétaro
Festival del Cacao,Centro Histórico de Querétaro
Fiestas de la Cruz,Centro Histórico de Querétaro
Fiestas de la Cruz,Centro Histórico de Querétaro
Fiestas de la Cruz,Centro Histórico de Querétaro
Fiestas de la Cruz,Centro Histórico de Querétaro
Comunidades Extranjeras,Estadio Corregidora
Fiestas de la Cruz,Centro Histórico de Querétaro
Visita altares ,Centro Histórico de Querétaro
Día de la Independencia,Centro Histórico de Querétaro
Fiestas de la Cruz,Centro Histórico de Querétaro
Fiestas de la Cruz,Centro Histórico de Querétaro
Cabalgata Queretana,Centro Histórico de Querétaro
Actividades Decembrinas,Centro Histórico de Querétaro
Noches de Leyendas,Centro Histórico de Querétaro
Día de Muertos,Centro Histórico de Querétaro
Cabalgata Queretana,Centro Histórico de Querétaro
Actividades Decembrinas,Centro Histórico de Querétaro
Actividades Decembrinas,Centro Histórico de Querétaro
Visita altares ,Centro Histórico de Querétaro
Día de San Felipe Neri,Centro Histórico de Querétaro
Fiestas de la Cruz,Centro Histórico de Querétaro
Danzas en Jardín Zenea,Centro Histórico de Querétaro
Actividades Decembrinas,Centro Histórico de Querétaro
Danzas en Jardín Zenea,Centro Histórico de Querétaro
Noches de Leyendas,Centro Histórico de Querétaro
Carrera Anual de Querétaro,Bernardo Quintana
Día de La Independencia,Centro Histórico de Querétaro
Recorrido de Leyendas,Centro Histórico de Querétaro
Festividades,Otros municipios
Festividades,Otros municipios
Festividades,Otros municipios
Festividades,Otros municipios
Festividades,Otros municipios
Festividades,Otros municipios
Festividades,Otros municipios
Festividades,Otros municipios
Procesión del Silencio,Primavera
Fiestas de la Cruz,Septiembre
Fiestas de la Cruz,Septiembre
Día de Muertos,Noviembre
Fiestas de la Cruz,Septiembre
Fiestas de la Cruz,Septiembre
Fiestas de la Cruz,Septiembre
Día de Muertos,Noviembre
Fiestas de la Cruz,Septiembre
Fiestas de la Cruz,Septiembre
Fiestas de la Cruz,Septiembre
Fiestas de la Cruz,Septiembre
Fiestas de la Cruz,Septiembre
Fiestas de la Cruz,Septiembre
Fiestas de la Cruz,Septiembre
Fiestas de la Cruz,Septiembre
Festival del Cacao,Noviembre
Fiestas de la Cruz,Septiembre
Fiestas de la Cruz,Septiembre
Fiestas de la Cruz,Septiembre
Fiestas de la Cruz,Septiembre
Comunidades Extranjeras,Marzo
Fiestas de la Cruz,Septiembre
Visita altares ,Primavera
Día de la Independencia,Septiembre
Fiestas de la Cruz,Septiembre
Fiestas de la Cruz,Septiembre
Cabalgata Queretana,Diciembre
Actividades Decembrinas,Diciembre
Noches de Leyendas,Semanal
Día de Muertos,Noviembre
Cabalgata Queretana,Diciembre
Actividades Decembrinas,Diciembre
Actividades Decembrinas,Diciembre
Visita altares ,Primavera
Día de San Felipe Neri,Mayo
Fiestas de la Cruz,Septiembre
Danzas en Jardín Zenea,Atemporal
Actividades Decembrinas,Diciembre
Danzas en Jardín Zenea,Atemporal
Noches de Leyendas,Atemporal
Carrera Anual de Querétaro,Octubre
Día de La Independencia,Septiembre
Gorditas,Atemporal
Enchiladas Queretanas,Atemporal
Sopes,Atemporal
Enchiladas Queretanas,Atemporal
Enchiladas Queretanas,Atemporal
Enchiladas Queretanas,Atemporal
Enchiladas Queretanas,Atemporal
Gorditas,Atemporal
Pozole,Atemporal
Enchiladas Queretanas,Atemporal
Enchiladas Queretanas,Atemporal
Guajolotes ,Atemporal
Gorditas,Atemporal
Enchiladas Queretanas,Atemporal
Gorditas,Atemporal
Gorditas,Atemporal
Guajolotes ,Atemporal
Enchiladas Queretanas,Atemporal
Enchiladas Queretanas,Atemporal
Gorditas,Atemporal
Guajolotes,Atemporal
Gorditas,Atemporal
Gorditas,Atemporal
Gorditas,Atemporal
Gorditas,Atemporal
Gorditas,Atemporal
Enchiladas Queretanas,Atemporal
Enchiladas Queretanas,Atemporal
Gorditas,Atemporal
Vasijas de Barro,Atemporal
Muñeca Lele,Atemporal
Muñeca Lele,Atemporal
Muñeca Lele,Atemporal
Muñeca Lele,Atemporal
Muñeca Lele,Atemporal
Muñeca Lele,Atemporal
Muñeca Lele,Atemporal
Muñeca Lele,Atemporal
Muñeca Lele,Atemporal
Muñeca Lele,Atemporal
Muñeca Lele,Atemporal
Muñeca Lele,Atemporal
Muñeca Lele,Atemporal
Muñeca Lele,Atemporal
Muñeca Lele,Atemporal
Muñeca Lele,Atemporal
Muñeca Lele,Atemporal
Muñeca Lele,Atemporal
Muñeca Lele,Atemporal
Muñeca Lele,Atemporal
Muñeca Lele,Atemporal
Muñeca Lele,Atemporal
Muñeca Lele,Atemporal
Muñeca Lele,Atemporal
Muñeca Lele,Atemporal
La Carambada,1860
La Mijangos,1989
La Casa de la Zacatecana,1600
La Casa de la Zacatecana,1600
La Casa de la Zacatecana,1600
La Casa de la Zacatecana,1600
La Casa de la Zacatecana,1600
El Marqués de la Villa del Villar del Águila,1689
La Casa de la Zacatecana,1600
El Marqués de la Villa del Villar del Águila,1689
La casa de Don Bartolo,1600
La casa de Don Bartolo,1600
La casa de Don Bartolo,1600
La Casa de la Zacatecana,1600
La Casa de la Zacatecana,1600
La Casa de la Zacatecana,1600
La Casa de la Zacatecana,1600
La Mijangos,1989
La Mijangos,1989
